{"likelihood_score_accuracy":{"0":0.0861423239,"1":0.1048689112,"2":0.1048689112,"3":0.1048689112,"4":0.1048689112,"5":0.1048689112,"6":0.1048689112,"7":0.1048689112,"8":0.1048689112,"9":0.1048689112,"10":0.1048689112,"11":0.1048689112,"12":0.1048689112,"13":0.1048689112,"14":0.1048689112,"15":0.1048689112,"16":0.1048689112,"17":0.1048689112,"18":0.1048689112,"19":0.1048689112},"likelihood_score_auc_1":{"0":0.0,"1":0.0,"2":0.0,"3":0.0,"4":0.0,"5":0.0,"6":0.0,"7":0.0,"8":0.0,"9":0.0,"10":0.0,"11":0.0,"12":0.0,"13":0.0,"14":0.0,"15":0.0,"16":0.0,"17":0.0,"18":0.0,"19":0.0},"likelihood_score_loss":{"0":0.6926042438,"1":0.6913102269,"2":0.6901060939,"3":0.6888123155,"4":0.6877179742,"5":0.6863640547,"6":0.6849469543,"7":0.6840513349,"8":0.6826197505,"9":0.6812542081,"10":0.6804869771,"11":0.6793131232,"12":0.6787973642,"13":0.6771783233,"14":0.6758440733,"15":0.6753053069,"16":0.6742312312,"17":0.6724691391,"18":0.6720538735,"19":0.6705904007},"loss":{"0":8.5238676071,"1":7.4908437729,"2":6.5893549919,"3":5.8136754036,"4":5.1538610458,"5":4.5976500511,"6":4.1322755814,"7":3.7451930046,"8":3.4249074459,"9":3.1611635685,"10":2.9449698925,"11":2.768512249,"12":2.6251871586,"13":2.5092568398,"14":2.4159471989,"15":2.3411855698,"16":2.281547308,"17":2.2341825962,"18":2.1967639923,"19":2.1672685146},"ranking_score_accuracy":{"0":0.0,"1":0.0,"2":0.0,"3":0.0,"4":0.0,"5":0.0,"6":0.0,"7":0.0,"8":0.0,"9":0.0,"10":0.0,"11":0.0,"12":0.0,"13":0.0,"14":0.0,"15":0.0,"16":0.0,"17":0.0,"18":0.0,"19":0.0},"ranking_score_auc":{"0":0.0,"1":0.0,"2":0.0,"3":0.0,"4":0.0,"5":0.0,"6":0.0,"7":0.0,"8":0.0,"9":0.0,"10":0.0,"11":0.0,"12":0.0,"13":0.0,"14":0.0,"15":0.0,"16":0.0,"17":0.0,"18":0.0,"19":0.0},"ranking_score_loss":{"0":0.6931471825,"1":0.6931471825,"2":0.6931471825,"3":0.6931471825,"4":0.6931471825,"5":0.6931471825,"6":0.6931471825,"7":0.6931471825,"8":0.6931471825,"9":0.6931471825,"10":0.6931471825,"11":0.6931471825,"12":0.6931471825,"13":0.6931471825,"14":0.6931471825,"15":0.6931471825,"16":0.6931471825,"17":0.6931471825,"18":0.6931471825,"19":0.6931471825},"risk_score_accuracy":{"0":0.0,"1":0.0,"2":0.0,"3":0.0,"4":0.0,"5":0.0,"6":0.0,"7":0.0,"8":0.0,"9":0.0,"10":0.0,"11":0.0,"12":0.0,"13":0.0,"14":0.0,"15":0.0,"16":0.0,"17":0.0,"18":0.0,"19":0.0},"risk_score_auc_2":{"0":0.0,"1":0.0,"2":0.0,"3":0.0,"4":0.0,"5":0.0,"6":0.0,"7":0.0,"8":0.0,"9":0.0,"10":0.0,"11":0.0,"12":0.0,"13":0.0,"14":0.0,"15":0.0,"16":0.0,"17":0.0,"18":0.0,"19":0.0},"risk_score_loss":{"0":0.6931471825,"1":0.6931471825,"2":0.6931471825,"3":0.6931471825,"4":0.6931471825,"5":0.6931471825,"6":0.6931471825,"7":0.6931471825,"8":0.6931471825,"9":0.6931471825,"10":0.6931471825,"11":0.6931471825,"12":0.6931471825,"13":0.6931471825,"14":0.6931471825,"15":0.6931471825,"16":0.6931471825,"17":0.6931471825,"18":0.6931471825,"19":0.6931471825},"val_likelihood_score_accuracy":{"0":0.0954773873,"1":0.0954773873,"2":0.0954773873,"3":0.0954773873,"4":0.0954773873,"5":0.0954773873,"6":0.0954773873,"7":0.0954773873,"8":0.0954773873,"9":0.0954773873,"10":0.0954773873,"11":0.0954773873,"12":0.0954773873,"13":0.0954773873,"14":0.0954773873,"15":0.0954773873,"16":0.0954773873,"17":0.0954773873,"18":0.0954773873,"19":0.0954773873},"val_likelihood_score_auc_1":{"0":0.0,"1":0.0,"2":0.0,"3":0.0,"4":0.0,"5":0.0,"6":0.0,"7":0.0,"8":0.0,"9":0.0,"10":0.0,"11":0.0,"12":0.0,"13":0.0,"14":0.0,"15":0.0,"16":0.0,"17":0.0,"18":0.0,"19":0.0},"val_likelihood_score_loss":{"0":0.6918858886,"1":0.6906280518,"2":0.6893305779,"3":0.6883922219,"4":0.6869553328,"5":0.6858762503,"6":0.6848299503,"7":0.683490634,"8":0.6821064353,"9":0.6813024282,"10":0.6801589131,"11":0.6793231964,"12":0.6780152917,"13":0.6772263646,"14":0.6758261919,"15":0.6751904488,"16":0.6745388508,"17":0.6737663746,"18":0.6722914577,"19":0.6713762283},"val_loss":{"0":7.8611125946,"1":6.9104332924,"2":6.0885629654,"3":5.3867678642,"4":4.793405056,"5":4.2956953049,"6":3.8808729649,"7":3.5370237827,"8":3.2534160614,"9":3.0205516815,"10":2.8301973343,"11":2.6753137112,"12":2.5498518944,"13":2.4487140179,"14":2.3675396442,"15":2.3026812077,"16":2.2511138916,"17":2.2102982998,"18":2.178101778,"19":2.1528255939},"val_ranking_score_accuracy":{"0":0.0,"1":0.0,"2":0.0,"3":0.0,"4":0.0,"5":0.0,"6":0.0,"7":0.0,"8":0.0,"9":0.0,"10":0.0,"11":0.0,"12":0.0,"13":0.0,"14":0.0,"15":0.0,"16":0.0,"17":0.0,"18":0.0,"19":0.0},"val_ranking_score_auc":{"0":0.0,"1":0.0,"2":0.0,"3":0.0,"4":0.0,"5":0.0,"6":0.0,"7":0.0,"8":0.0,"9":0.0,"10":0.0,"11":0.0,"12":0.0,"13":0.0,"14":0.0,"15":0.0,"16":0.0,"17":0.0,"18":0.0,"19":0.0},"val_ranking_score_loss":{"0":0.6931471825,"1":0.6931471825,"2":0.6931471825,"3":0.6931471825,"4":0.6931471825,"5":0.6931471825,"6":0.6931471825,"7":0.6931471825,"8":0.6931471825,"9":0.6931471825,"10":0.6931471825,"11":0.6931471825,"12":0.6931471825,"13":0.6931471825,"14":0.6931471825,"15":0.6931471825,"16":0.6931471825,"17":0.6931471825,"18":0.6931471825,"19":0.6931471825},"val_risk_score_accuracy":{"0":0.0,"1":0.0,"2":0.0,"3":0.0,"4":0.0,"5":0.0,"6":0.0,"7":0.0,"8":0.0,"9":0.0,"10":0.0,"11":0.0,"12":0.0,"13":0.0,"14":0.0,"15":0.0,"16":0.0,"17":0.0,"18":0.0,"19":0.0},"val_risk_score_auc_2":{"0":0.0,"1":0.0,"2":0.0,"3":0.0,"4":0.0,"5":0.0,"6":0.0,"7":0.0,"8":0.0,"9":0.0,"10":0.0,"11":0.0,"12":0.0,"13":0.0,"14":0.0,"15":0.0,"16":0.0,"17":0.0,"18":0.0,"19":0.0},"val_risk_score_loss":{"0":0.6931471825,"1":0.6931471825,"2":0.6931471825,"3":0.6931471825,"4":0.6931471825,"5":0.6931471825,"6":0.6931471825,"7":0.6931471825,"8":0.6931471825,"9":0.6931471825,"10":0.6931471825,"11":0.6931471825,"12":0.6931471825,"13":0.6931471825,"14":0.6931471825,"15":0.6931471825,"16":0.6931471825,"17":0.6931471825,"18":0.6931471825,"19":0.6931471825},"learning_rate":{"0":0.001,"1":0.001,"2":0.001,"3":0.001,"4":0.001,"5":0.001,"6":0.001,"7":0.001,"8":0.001,"9":0.001,"10":0.001,"11":0.001,"12":0.001,"13":0.001,"14":0.001,"15":0.001,"16":0.001,"17":0.001,"18":0.001,"19":0.001}}