{"likelihood_score_accuracy":{"0":0.091136083,"1":0.1048689112,"2":0.1048689112,"3":0.1048689112,"4":0.1048689112,"5":0.1048689112,"6":0.1048689112,"7":0.1048689112,"8":0.1048689112,"9":0.1048689112,"10":0.1048689112,"11":0.1048689112,"12":0.1048689112,"13":0.1048689112,"14":0.1048689112,"15":0.1048689112,"16":0.1048689112,"17":0.1048689112,"18":0.1048689112,"19":0.1048689112},"likelihood_score_auc_1":{"0":0.0,"1":0.0,"2":0.0,"3":0.0,"4":0.0,"5":0.0,"6":0.0,"7":0.0,"8":0.0,"9":0.0,"10":0.0,"11":0.0,"12":0.0,"13":0.0,"14":0.0,"15":0.0,"16":0.0,"17":0.0,"18":0.0,"19":0.0},"likelihood_score_loss":{"0":0.6926154494,"1":0.6912631392,"2":0.6899100542,"3":0.688878417,"4":0.6875406504,"5":0.6866730452,"6":0.685215652,"7":0.6841592193,"8":0.6830704808,"9":0.6809613109,"10":0.6807349324,"11":0.6796488762,"12":0.6782708168,"13":0.6770919561,"14":0.6768484116,"15":0.6750496626,"16":0.674351573,"17":0.6736172438,"18":0.672411263,"19":0.6721102595},"loss":{"0":8.5412282944,"1":7.5091714859,"2":6.608604908,"3":5.8338618279,"4":5.1749782562,"5":4.6197152138,"6":4.1551318169,"7":3.7688269615,"8":3.4492092133,"9":3.1860382557,"10":2.9703178406,"11":2.7942471504,"12":2.6511602402,"13":2.5354607105,"14":2.4423031807,"15":2.3676187992,"16":2.3080444336,"17":2.2607057095,"18":2.2232604027,"19":2.1937594414},"ranking_score_accuracy":{"0":0.0,"1":0.0,"2":0.0,"3":0.0,"4":0.0,"5":0.0,"6":0.0,"7":0.0,"8":0.0,"9":0.0,"10":0.0,"11":0.0,"12":0.0,"13":0.0,"14":0.0,"15":0.0,"16":0.0,"17":0.0,"18":0.0,"19":0.0},"ranking_score_auc":{"0":0.0,"1":0.0,"2":0.0,"3":0.0,"4":0.0,"5":0.0,"6":0.0,"7":0.0,"8":0.0,"9":0.0,"10":0.0,"11":0.0,"12":0.0,"13":0.0,"14":0.0,"15":0.0,"16":0.0,"17":0.0,"18":0.0,"19":0.0},"ranking_score_loss":{"0":0.6931471825,"1":0.6931471825,"2":0.6931471825,"3":0.6931471825,"4":0.6931471825,"5":0.6931471825,"6":0.6931471825,"7":0.6931471825,"8":0.6931471825,"9":0.6931471825,"10":0.6931471825,"11":0.6931471825,"12":0.6931471825,"13":0.6931471825,"14":0.6931471825,"15":0.6931471825,"16":0.6931471825,"17":0.6931471825,"18":0.6931471825,"19":0.6931471825},"risk_score_accuracy":{"0":0.0,"1":0.0,"2":0.0,"3":0.0,"4":0.0,"5":0.0,"6":0.0,"7":0.0,"8":0.0,"9":0.0,"10":0.0,"11":0.0,"12":0.0,"13":0.0,"14":0.0,"15":0.0,"16":0.0,"17":0.0,"18":0.0,"19":0.0},"risk_score_auc_2":{"0":0.0,"1":0.0,"2":0.0,"3":0.0,"4":0.0,"5":0.0,"6":0.0,"7":0.0,"8":0.0,"9":0.0,"10":0.0,"11":0.0,"12":0.0,"13":0.0,"14":0.0,"15":0.0,"16":0.0,"17":0.0,"18":0.0,"19":0.0},"risk_score_loss":{"0":0.6931471825,"1":0.6931471825,"2":0.6931471825,"3":0.6931471825,"4":0.6931471825,"5":0.6931471825,"6":0.6931471825,"7":0.6931471825,"8":0.6931471825,"9":0.6931471825,"10":0.6931471825,"11":0.6931471825,"12":0.6931471825,"13":0.6931471825,"14":0.6931471825,"15":0.6931471825,"16":0.6931471825,"17":0.6931471825,"18":0.6931471825,"19":0.6931471825},"val_likelihood_score_accuracy":{"0":0.0954773873,"1":0.0954773873,"2":0.0954773873,"3":0.0954773873,"4":0.0954773873,"5":0.0954773873,"6":0.0954773873,"7":0.0954773873,"8":0.0954773873,"9":0.0954773873,"10":0.0954773873,"11":0.0954773873,"12":0.0954773873,"13":0.0954773873,"14":0.0954773873,"15":0.0954773873,"16":0.0954773873,"17":0.0954773873,"18":0.0954773873,"19":0.0954773873},"val_likelihood_score_auc_1":{"0":0.0,"1":0.0,"2":0.0,"3":0.0,"4":0.0,"5":0.0,"6":0.0,"7":0.0,"8":0.0,"9":0.0,"10":0.0,"11":0.0,"12":0.0,"13":0.0,"14":0.0,"15":0.0,"16":0.0,"17":0.0,"18":0.0,"19":0.0},"val_likelihood_score_loss":{"0":0.6918747425,"1":0.6906805038,"2":0.6894516945,"3":0.6882250309,"4":0.6869344711,"5":0.6857930422,"6":0.6849873066,"7":0.683711648,"8":0.6823792458,"9":0.681509614,"10":0.680536747,"11":0.6794211268,"12":0.6781949401,"13":0.6777324677,"14":0.6761413813,"15":0.6754863262,"16":0.6739552021,"17":0.6725811362,"18":0.6722719669,"19":0.6712680459},"val_loss":{"0":7.8790612221,"1":6.9293270111,"2":6.1083922386,"3":5.4075331688,"4":4.8150963783,"5":4.3182325363,"6":3.9042263031,"7":3.5610990524,"8":3.2781040668,"9":3.0457503796,"10":2.8557827473,"11":2.70119977,"12":2.5759868622,"13":2.474998951,"14":2.3939211369,"15":2.3291497231,"16":2.2776100636,"17":2.2367861271,"18":2.2045817375,"19":2.1792581081},"val_ranking_score_accuracy":{"0":0.0,"1":0.0,"2":0.0,"3":0.0,"4":0.0,"5":0.0,"6":0.0,"7":0.0,"8":0.0,"9":0.0,"10":0.0,"11":0.0,"12":0.0,"13":0.0,"14":0.0,"15":0.0,"16":0.0,"17":0.0,"18":0.0,"19":0.0},"val_ranking_score_auc":{"0":0.0,"1":0.0,"2":0.0,"3":0.0,"4":0.0,"5":0.0,"6":0.0,"7":0.0,"8":0.0,"9":0.0,"10":0.0,"11":0.0,"12":0.0,"13":0.0,"14":0.0,"15":0.0,"16":0.0,"17":0.0,"18":0.0,"19":0.0},"val_ranking_score_loss":{"0":0.6931471825,"1":0.6931471825,"2":0.6931471825,"3":0.6931471825,"4":0.6931471825,"5":0.6931471825,"6":0.6931471825,"7":0.6931471825,"8":0.6931471825,"9":0.6931471825,"10":0.6931471825,"11":0.6931471825,"12":0.6931471825,"13":0.6931471825,"14":0.6931471825,"15":0.6931471825,"16":0.6931471825,"17":0.6931471825,"18":0.6931471825,"19":0.6931471825},"val_risk_score_accuracy":{"0":0.0,"1":0.0,"2":0.0,"3":0.0,"4":0.0,"5":0.0,"6":0.0,"7":0.0,"8":0.0,"9":0.0,"10":0.0,"11":0.0,"12":0.0,"13":0.0,"14":0.0,"15":0.0,"16":0.0,"17":0.0,"18":0.0,"19":0.0},"val_risk_score_auc_2":{"0":0.0,"1":0.0,"2":0.0,"3":0.0,"4":0.0,"5":0.0,"6":0.0,"7":0.0,"8":0.0,"9":0.0,"10":0.0,"11":0.0,"12":0.0,"13":0.0,"14":0.0,"15":0.0,"16":0.0,"17":0.0,"18":0.0,"19":0.0},"val_risk_score_loss":{"0":0.6931471825,"1":0.6931471825,"2":0.6931471825,"3":0.6931471825,"4":0.6931471825,"5":0.6931471825,"6":0.6931471825,"7":0.6931471825,"8":0.6931471825,"9":0.6931471825,"10":0.6931471825,"11":0.6931471825,"12":0.6931471825,"13":0.6931471825,"14":0.6931471825,"15":0.6931471825,"16":0.6931471825,"17":0.6931471825,"18":0.6931471825,"19":0.6931471825},"learning_rate":{"0":0.001,"1":0.001,"2":0.001,"3":0.001,"4":0.001,"5":0.001,"6":0.001,"7":0.001,"8":0.001,"9":0.001,"10":0.001,"11":0.001,"12":0.001,"13":0.001,"14":0.001,"15":0.001,"16":0.001,"17":0.001,"18":0.001,"19":0.001}}