{"likelihood_score_accuracy":{"0":0.0923845172,"1":0.1086142287,"2":0.1086142287},"likelihood_score_auc_1":{"0":0.0,"1":0.0,"2":0.0},"likelihood_score_loss":{"0":0.6925619245,"1":0.6912902594,"2":0.6900485754},"loss":{"0":8.4919080734,"1":7.4603695869,"2":6.5603637695},"ranking_score_accuracy":{"0":0.0,"1":0.0,"2":0.0},"ranking_score_auc":{"0":0.0,"1":0.0,"2":0.0},"ranking_score_loss":{"0":0.6931471825,"1":0.6931471825,"2":0.6931471825},"risk_score_accuracy":{"0":0.0,"1":0.0,"2":0.0},"risk_score_auc_2":{"0":0.0,"1":0.0,"2":0.0},"risk_score_loss":{"0":0.6931471825,"1":0.6931471825,"2":0.6931471825},"val_likelihood_score_accuracy":{"0":0.1105527654,"1":0.1105527654,"2":0.1105527654},"val_likelihood_score_auc_1":{"0":0.0,"1":0.0,"2":0.0},"val_likelihood_score_loss":{"0":0.6918498874,"1":0.6906005144,"2":0.6894067526},"val_loss":{"0":7.8300824165,"1":6.8808698654,"2":6.0604720116},"val_ranking_score_accuracy":{"0":0.0,"1":0.0,"2":0.0},"val_ranking_score_auc":{"0":0.0,"1":0.0,"2":0.0},"val_ranking_score_loss":{"0":0.6931471825,"1":0.6931471825,"2":0.6931471825},"val_risk_score_accuracy":{"0":0.0,"1":0.0,"2":0.0},"val_risk_score_auc_2":{"0":0.0,"1":0.0,"2":0.0},"val_risk_score_loss":{"0":0.6931471825,"1":0.6931471825,"2":0.6931471825},"learning_rate":{"0":0.001,"1":0.001,"2":0.001}}